{
  "accuracy": 0.4666666666666667,
  "precision": 0.21777777777777776,
  "recall": 0.4666666666666667,
  "f1": 0.29696969696969694,
  "support": null,
  "precision_per_class": [
    0.4666666666666667,
    0.0,
    0.0
  ],
  "recall_per_class": [
    1.0,
    0.0,
    0.0
  ],
  "f1_per_class": [
    0.6363636363636364,
    0.0,
    0.0
  ],
  "support_per_class": [
    14,
    11,
    5
  ],
  "confusion_matrix": [
    [
      14,
      0,
      0
    ],
    [
      11,
      0,
      0
    ],
    [
      5,
      0,
      0
    ]
  ],
  "classification_report": {
    "CN": {
      "precision": 0.4666666666666667,
      "recall": 1.0,
      "f1-score": 0.6363636363636364,
      "support": 14.0
    },
    "MCI": {
      "precision": 0.0,
      "recall": 0.0,
      "f1-score": 0.0,
      "support": 11.0
    },
    "AD": {
      "precision": 0.0,
      "recall": 0.0,
      "f1-score": 0.0,
      "support": 5.0
    },
    "accuracy": 0.4666666666666667,
    "macro avg": {
      "precision": 0.15555555555555556,
      "recall": 0.3333333333333333,
      "f1-score": 0.21212121212121213,
      "support": 30.0
    },
    "weighted avg": {
      "precision": 0.21777777777777776,
      "recall": 0.4666666666666667,
      "f1-score": 0.29696969696969694,
      "support": 30.0
    }
  }
}