Metric,Value,Percentage
Accuracy,0.6,60.0
Precision,0.6,60.0
Recall,0.75,75.0
F1-Score,0.6666666666666665,66.66666666666666
ROC AUC,0.7142857142857143,71.42857142857143
PR AUC,0.7804124144717175,78.04124144717176
