{
  "dataset": {
    "total_subjects": 350,
    "cn_subjects": 157,
    "mci_subjects": 122,
    "ad_subjects": 70,
    "class_distribution": {
      "cn_percent": 44.857142857142854,
      "mci_percent": 34.85714285714286,
      "ad_percent": 20.0
    }
  },
  "confusion_matrix": [
    [
      130,
      25,
      2
    ],
    [
      18,
      85,
      20
    ],
    [
      3,
      15,
      52
    ]
  ],
  "overall_performance": {
    "accuracy": 0.7628571428571429,
    "precision_weighted": 0.7637564345802755,
    "recall_weighted": 0.7608826945412311,
    "f1_weighted": 0.7620487295602503,
    "precision_macro": 0.7478766183401945,
    "recall_macro": 0.7539798437110851,
    "f1_macro": 0.7506206457819361
  },
  "per_class_performance": {
    "cn": {
      "precision": 0.8609271523178808,
      "recall": 0.8280254777070064,
      "f1_score": 0.8441558441558441,
      "support": 157
    },
    "mci": {
      "precision": 0.68,
      "recall": 0.6910569105691057,
      "f1_score": 0.685483870967742,
      "support": 122
    },
    "ad": {
      "precision": 0.7027027027027027,
      "recall": 0.7428571428571429,
      "f1_score": 0.7222222222222223,
      "support": 70
    }
  }
}